Conference,Year,Title,URL,PaperType,Author,DataType,Visualisation,Interaction,Machine_Learning,DataSource,Evolution_Types,Evolution_Aims,Dimension,image
InfoVis,2020,PlotThread: Creating Expressive Storyline Visualizations using Reinforcement Learning,http://dx.doi.org/10.1109/TVCG.2020.3030467,J,Tan Tang;Renzhong Li;Xinke Wu;Shuhan Liu;Johannes Knittel;Steffen Koch;Lingyun Yu;Peiran Ren;Thomas Ertl;Yingcai Wu,Record Data,Graph,Select,None,Open source data,Plots Evolution,Storyline visualization analysis,2D,TanT2020
SciVis,2020,Objective Observer-Relative Flow Visualization in Curved Spaces for Unsteady 2D Geophysical Flows,http://dx.doi.org/10.1109/TVCG.2020.3030454,J,Peter Rautek;Matej Mlejnek;Johanna Beyer;Jakob Troidl;Hanspeter Pfister;Thomas Theußl;Markus Hadwiger,Record Data,Graph,None,None,EU Copernicus project,Time Evolution,flow visualization analysis,Hybrid,Pete2020
PacificVis,2020,Efficient Morphing of Shape-preserving Star Coordinates,https://doi.org/10.1109/PacificVis48177.2020.8199,C,Molchanov V; Hamid S;Linsen L,Record Data,Clusters,Select,None,Open source data,Data Evolution,visualization analysis,Hybrid,Molc2020
PacificVis,2020,Distribution-based Particle Data Reduction for In-situ Analysis and Visualization of Large-scale N-body Cosmological Simulations,https://doi.org/10.1109/PacificVis48177.2020.1186,C,Guan Li; Jiayi Xu; Tianchi Zhang; Guihua Shan; Han-Wei Shen; Ko-Chih Wang; Shihong Liao; Zhonghua Lu,Record Data,Graph,None,GMM,Open source data,Structural Evolution,Cosmological N-body Simulation Analysis,Hybrid,Guan2020
VAST,2019,Galex: Exploring the Evolution and Intersection of Disciplines,http://dx.doi.org/10.1109/TVCG.2019.2934667,J,Zeyu Li;Changhong Zhang;Shichao Jia;Jiawan Zhang,Record Data,Scatterplot,Select,UMAP,Open source data,Topic Evolution,Scientific Fields,2D,Zeyu2019
InfoVis,2019,A Comparison of Visualizations for Identifying Correlation over Space and Time,http://dx.doi.org/10.1109/TVCG.2019.2934807,J,Vanessa Peña-Araya;Emmanuel Pietriga;Anastasia Bezerianos,Record Data,Bar Chart,None,None,Open source data,Time Evolution,visualization analysis,2D,Vane2019
InfoVis,2019,GenerativeMap: Visualization and Exploration of Dynamic Density Maps via Generative Learning Model,http://dx.doi.org/10.1109/TVCG.2019.2934806,J,Chen Chen;Changbo Wang;Xue Bai;Peiying Zhang;Chenhui Li,Spatio-Temporal Data,Maps,None,Hash Algorithms,Open source data,Data Evolution,visualization analysis,2D,Chen2019
SciVis,2019,Dynamic Nested Tracking Graphs,http://dx.doi.org/10.1109/TVCG.2019.2934368,J,Jonas Lukasczyk;Christoph Garth;Gunther H. Weber;Tim Biedert;Ross Maciejewski;Heike Leitte,Record Data,Graph,None,GO-NTG,Open source data,Time Evolution,Topological Data Analysis,2D,Jona2019
VAST,2019,EmoCo: Visual Analysis of Emotion Coherence in Presentation Videos,http://dx.doi.org/10.1109/TVCG.2019.2934656,J,Haipeng Zeng;Xingbo Wang;Aoyu Wu;Yong Wang;Quan Li;Alex Endert;Huamin Qu,Record Data,Graph,Select,T-SNE,Open source data,Time Evolution,visualization analysis,2D,Haip2019
VAST,2019,GPGPU Linear Complexity t-SNE Optimization,http://dx.doi.org/10.1109/TVCG.2019.2934307,J,Nicola Pezzotti;Julian Thijssen;Alexander Mordvintsev;Thomas Höllt;Baldur Van Lew;Boudewijn P.F. Lelieveldt;Elmar Eisemann;Anna Vilanova,High Dimensional Data,Graph,None,T-SNE,Open source data,Time Evolution,visualization analysis,2D,Nico2019
EuroVis,2019,Optimizing Stepwise Animation in Dynamic Set Diagrams,https://doi.org/10.1111/cgf.13668,J,Kazuyo Mizuno;Hsiang-Yun Wu;Shigeo Takahashi;Takeo Igarashi,Record Data,Set Diagrams,None,None,Open source data,Time Evolution,visualization analysis,2D,Kazu2019
VAST,2018,Visual Analysis of the Temporal Evolution of Ensemble Forecast Sensitivities,http://dx.doi.org/10.1109/TVCG.2018.2864901,J,Alexander Kumpf;Marc Rautenhaus;Michael Riemer;Rüdiger Westermann,Prediction Data,Graph,None,Farneback,ECMWF,Time Evolution,visualization analysis,Hybrid,Alex2018
VAST,2018,Segue: Overviewing Evolution Patterns of Egocentric Networks by Interactive Construction of Spatial Layouts,http://dx.doi.org/10.1109/VAST.2018.8802415,C,Po-Ming Law;Yanhong Wu;Rahul C. Basole,Record Data,Point Map,Select,MDS,Open source data,Network Evolution,network visualization analysis,2D,PoMi2018
InfoVis,2018,Temporal Treemaps: Static Visualization of Evolving Trees,http://dx.doi.org/10.1109/TVCG.2018.2865265,J,Wiebke Köpp;Tino Weinkauf,Record Data,Treemaps,None,None,Open source data,Time Evolution,visualization analysis,Hybrid,Wieb2018
SciVis,2018,"Details-First, Show Context, Overview Last: Supporting Exploration of Viscous Fingers in Large-Scale Ensemble Simulations",http://dx.doi.org/10.1109/TVCG.2018.2864849,J,Timothy Luciani;Andrew Burks;Cassiano Sugiyama;Jonathan Komperda;G. Elisabeta Marai,Record Data,3D Visualization,Connect,None,the SciVis 2016 Contest organizers,Time Evolution,visualization analysis,Hybrid,Timo2018
VAST,2018,BitExTract: Interactive Visualization for Extracting Bitcoin Exchange Intelligence,http://dx.doi.org/10.1109/TVCG.2018.2864814,J,Xuanwu Yue;Xinhuan Shu;Xinyu Zhu;Xinnan Du;Zheqing Yu;Dimitrios Papadopoulos;Siyuan Liu,Record Data,The node-link graph,Connect,Adaptive Ranking Algorithm,Open source data,Time Evolution,Bitcoin transaction analysis,2D,Xuan2018
VAST,2018,Visual Progression Analysis of Event Sequence Data,http://dx.doi.org/10.1109/TVCG.2018.2864885,J,Shunan Guo;Zhuochen Jin;David Gotz;Fan Du;Hongyuan Zha;Nan Cao,Event Sequence Data,Tree map,Filter,None,Open source data,Time Evolution,visualization analysis,2D,Shun2018
VAST,2018,VIS Author Profiles: Interactive Descriptions of Publication Records Combining Text and Visualization,http://dx.doi.org/10.1109/TVCG.2018.2865022,J,Shahid Latif;Fabian Beck,Record Data,Graph,Select,None,Open source data,Time Evolution,visualization analysis,2D,Shah2018
VAST,2018,ForVizor: Visualizing Spatio-Temporal Team Formations in Soccer,http://dx.doi.org/10.1109/TVCG.2018.2865041,J,Yingcai Wu;Xiao Xie;Jiachen Wang;Dazhen Deng;Hongye Liang;Hui Zhang;Shoubin Cheng;Wei Chen,Record Data,Graph,Select,K-Means,Open source data,Spatiotemporal Evolution,visualization analysis,2D,Ying2018
EuroVis,2018,Visualizing the Phase Space of Heterogeneous Inertial Particles in 2D Flows ,https://doi.org/10.1111/cgf.13420,J,Irene Baeza Rojo; Markus Gross; Tobias Günther,Record Data,Graph,Select,None,Open source data,Time Evolution,visualization analysis,Hybrid,Iren2018
PacificVis,2018,In Situ Prediction Driven Feature Analysis in Jet Engine Simulations,https://doi.org/10.1109/PacificVis.2018.00017,C,Soumya Dutta;Han-Wei Shen;Jenping Chen,Record Data,Graph,Select,Fuzzy Rule-based Pattern Learning Algorithm,Open source data,Feature Evolution,visualization analysis,2D,Soum2018
PacificVis,2018,Visual analytics for networked-guarantee loans risk management,https://doi.org/10.1109/PacificVis.2018.00028,J,Zhibin Niu;Dawei Cheng;Liqing Zhang;Jiawan Zhang,Network,Force-directed graph,Select,XGBoost,Bank,Network Evolution,network visualization analysis,Hybrid,Zhib2018
SciVis,2017,Clique Community Persistence: A Topological Visual Analysis Approach for Complex Networks,http://dx.doi.org/10.1109/TVCG.2017.2744321,J,Bastian Rieck;Ulderico Fugacci;Jonas Lukasczyk;Heike Leitte,Record Data,The node-link graph,None,k-clique,Open source data,Network Evolution,visualization analysis,2D,Bast2017
VAST,2017,Understanding a Sequence of Sequences: Visual Exploration of Categorical States in Lake Sediment Cores,http://dx.doi.org/10.1109/TVCG.2017.2744686,J,Andrea Unger;Nadine Dräger;Mike Sips;Dirk J. Lehmann,Time serials,Histogram,Select,None,Open source data,Time Evolution,visualization analysis,2D,Andr2017
VAST,2017,EventThread: Visual Summarization and Stage Analysis of Event Sequence Data,http://dx.doi.org/10.1109/TVCG.2017.2745320,J,Shunan Guo;Ke Xu;Rongwen Zhao;David Gotz;Hongyuan Zha;Nan Cao,Time serials,Graph,Select,HMM,Open source data,Time Evolution,visualization analysis,2D,Shun2017
EuroVis,2017,Nested Tracking Graphs,https://doi.org/10.1111/cgf.13164,J,Jonas Lukasczyk;Gunther Weber;Ross Maciejewski;Christoph Garth;Heike Leitte,Record Data,Layered Graph,Select,None,Open source data,Time Evolution,visualization analysis,2D,Jona2017
PacificVis,2017,Exploring Controversy via Sentiment Divergences of Aspects in Reviews,https://doi.org/10.1109/PACIFICVIS.2017.8031600,C,Jin Xu;Yubo Tao;Hai Lin;Rongjie Zhu;Yuyu Yan,Record Data,Graph,Select,K-Means,Open source data,Time Evolution,visualization analysis,2D,JinX2017
PacificVis,2017,"Exploring the Evolution of Pressure-Perturbations
to Understand Atmospheric Phenomena",https://doi.org/10.1109/PACIFICVIS.2017.8031584,C,Wathsala Widanagamaachchi;Alexander Jacques;Bei Wang;Erik Crosman;Peer-Timo Bremer ;Valerio Pascucci ;John Horel,Record Data,Maps,None,None,Open source data,Time Evolution,visualization analysis,Hybrid,Wath2017
SciVis,2016,Time-Hierarchical Clustering and Visualization of Weather Forecast Ensembles,http://dx.doi.org/10.1109/TVCG.2016.2598868,J,Florian Ferstl;Mathias Kanzler;Marc Rautenhaus;Rüdiger Westermann,Time serials,Clusters,Explore,AHC,Open source data,Time Evolution,visual forecast,Hybrid,Flor2016
SciVis,2016,In Situ Distribution Guided Analysis and Visualization of Transonic Jet Engine Simulations,http://dx.doi.org/10.1109/TVCG.2016.2598604,J,Soumya Dutta;Chun-Ming Chen;Gregory Heinlein;Han-Wei Shen;Jen-Ping Chen,Record Data,Timeline,Select,GMM,Open source data,Spatiotemporal Evolution,visualization analysis,Hybrid,Soum2016
VAST,2016,A Visual Analytics Approach for Understanding Reasons behind Snowballing and Comeback in MOBA Games,http://dx.doi.org/10.1109/TVCG.2016.2598415,J,Quan Li;Peng Xu;Yeuk Yin Chan;Yun Wang;Zhipeng Wang;Huamin Qu;Xiaojuan Ma,Record Data,Animations,Filter,None,Open source data,Evolution View,visualization analysis,2D,Quan2016
EuroVis,2016,A Visual Analytics Framework for Microblog Data Analysis at Multiple Scales of Aggregation,https://doi.org/10.1111/cgf.12920,J,Jiawei Zhang; Benjamin Ahlbrand; Abish Malik; Junghoon Chae; Zhiyu Min;Sungahn Ko; David S. Ebert,Record Data,Maps,Zoom,None,Open source data,Spatiotemporal Evolution,visualization analysis,2D,Jiaw2016
VAST,2015,HTMVS: Visualizing hierarchical topics and their evolution,http://dx.doi.org/10.1109/VAST.2015.7347675,C,Haoling Dong;Siliang Tang;Si Li;Fei Wu;Yueting Zhuang,Record Data,Graph,None,None,Open source data,Topic Evolution,Hierarchical topic visualization,2D,Haol2015
InfoVis,2015,"Visualization, Selection, and Analysis of Traffic Flows",http://dx.doi.org/10.1109/TVCG.2015.2467112,J,Roeland Scheepens;Christophe Hurter;Huub Van De Wetering;Jarke J. Van Wijk,Time serials,Maps,Select,None,Open source data,Flow Evolution,visualization analysis,Hybrid,Roel2015
InfoVis,2015,Off the Radar: Comparative Evaluation of Radial Visualization Solutions for Composite Indicators,http://dx.doi.org/10.1109/TVCG.2015.2467322,J,Yael Albo;Joel Lanir;Peter Bak;Sheizaf Rafaeli,Record Data,Timeline,None,None,Open source data,Time Evolution,visualization analysis,2D,Yael2015
InfoVis,2015,Time Curves: Folding Time to Visualize Patterns of Temporal Evolution in Data,http://dx.doi.org/10.1109/TVCG.2015.2467851,J,Benjamin Bach;Conglei Shi;Nicolas Heulot;Tara Madhyastha;Tom Grabowski;Pierre Dragicevic,Time serials,Animations,Explore,MDS,Open source data,Time Evolution,visualization analysis,Hybrid,Benj2015
SciVis,2015,Visual Verification of Space Weather Ensemble Simulations,http://dx.doi.org/10.1109/SciVis.2015.7429487,C,Alexander Bock;Asher Pembroke;M. Leila Mays;Lutz Rastaetter;Timo Ropinski;Anders Ynnerman,Record Data,Graph,None,None,Open source data,Time Evolution,visualization analysis,Hybrid,Alex2015
SciVis,2015,Real-time interactive time correction on the GPU,http://dx.doi.org/10.1109/SciVis.2015.7429505,C,Mai Elshehaly;Denis Gračanin;Mohamed Gad;Junpeng Wang;Hicham G. Elmongui,Record Data,Maps,None,None,Open source data,Dynamic Evolution,visualization analysis,2D,MaiE2015
SciVis,2015,Distribution Driven Extraction and Tracking of Features for Time-varying Data Analysis,http://dx.doi.org/10.1109/TVCG.2015.2467436,J,Soumya Dutta;Han-Wei Shen,Record Data,Graph,None,GMM,Open source data,Feature Evolution,Time-varying data analysis,Hybrid,Soum2015
SciVis,2015,NeuroBlocks - Visual Tracking of Segmentation and Proofreading for Large Connectomics Projects,http://dx.doi.org/10.1109/TVCG.2015.2467441,J,Ali K. Ai-Awami;Johanna Beyer;Daniel Haehn;Narayanan Kasthuri;Jeff W. Lichtman;Hanspeter Pfister;Markus Hadwiger,Time serials,Timeline,Select,None,Open source data,Time Evolution,visualization analysis,2D,AliK2015
VAST,2015,egoSlider: Visual Analysis of Egocentric Network Evolution,http://dx.doi.org/10.1109/TVCG.2015.2468151,J,Yanhong Wu;Naveen Pitipornvivat;Jian Zhao;Sixiao Yang;Guowei Huang;Huamin Qu,Record Data,Timeline,Filter,None,Open source data,Network Evolution,network visualization analysis,2D,Yanh2015
VAST,2015,Wavelet-based visualization of time-varying data on graphs,http://dx.doi.org/10.1109/VAST.2015.7347624,C,Paola Valdivia;Fabio Dias;Fabiano Petronetto;Cláudio T. Silva;L. G. Nonato,Record Data,Timeline,Explore,None,Open source data,Time Evolution,Time-varying data analysis,2D,Paol2015
VAST,2015,Reducing Snapshots to Points: A Visual Analytics Approach to Dynamic Network Exploration,http://dx.doi.org/10.1109/TVCG.2015.2468078,J,Stef van den Elzen;Danny Holten;Jorik Blaas;Jarke J. van Wijk,Record Data,Graph,Explore,None,Open source data,Network Evolution,network visualization analysis,Hybrid,Stef2015
EuroVis,2015,Finite-Time Mass Separation for Comparative Visualizations of Inertial Particles,https://doi.org/10.1111/cgf.12659,J,Tobias Günther; Holger Theisel,Record Data,Maps,None,None,Open source data,Time Evolution,visualization analysis,Hybrid,Tobi2015
InfoVis,2014,How Hierarchical Topics Evolve in Large Text Corpora,http://dx.doi.org/10.1109/TVCG.2014.2346433,J,Weiwei Cui;Shixia Liu;Zhuofeng Wu;Hao Wei,Record Data,Timeline,Explore,None,Open source data,Topic Evolution,Hierarchical topic visualization,2D,Weiw2014
SciVis,2014,Trajectory-Based Flow Feature Tracking in Joint Particle/Volume Datasets,http://dx.doi.org/10.1109/TVCG.2014.2346423,J,Franz Sauer;Hongfeng Yu;Kwan-Liu Ma,Record Data,Graph,Explore,Region Growing,Open source data,Feature Evolution,visualization analysis,Hybrid,Fran2014
VAST,2014,BoundarySeer: Visual Analysis of 2D Boundary Changes,http://dx.doi.org/10.1109/VAST.2014.7042490,C,Wenchao Wu;Yixian Zheng;Huamin Qu;Wei Chen;Eduard Gröller;Lionel M. Ni,Record Data,Heatmap,Explore,K-Means,Open source data,Time Evolution,visualization analysis,Hybrid,Wenc2014
PacificVis,2014,Maps of Computer Science,https://doi.org/10.1109/PacificVis.2014.47,J,Daniel Fried;Stephen Kobourov,Record Data,Heatmap,Zoom,MDS,Open source data,Time Evolution,visualization analysis,2D,Dani2014
InfoVis,2013,DiffAni: Visualizing Dynamic Graphs with a Hybrid of Difference Maps and Animation,http://dx.doi.org/10.1109/TVCG.2013.149,J,Sébastien Rufiange;Michael J. McGuffin,Record Data,Maps,Select,FR,Open source data,Time Evolution,visualization analysis,2D,Seba2013
VAST,2013,HierarchicalTopics: Visually Exploring Large Text Collections Using Topic Hierarchies,http://dx.doi.org/10.1109/TVCG.2013.162,J,Wenwen Dou;Li Yu;Xiaoyu Wang;Zhiqiang Ma;William Ribarsky,Record Data,Timeline,Connect,TRT,Open source data,Time Evolution,visualization analysis,2D,Wenw2013
EuroVis,2013,Evolutionary Visual Exploration: Evaluation With Expert Users,https://doi.org/10.1111/cgf.12090,C,N Boukhelifa;WGC Ticona;A Bezerianos;E Lutton,Record Data,Scatterplot,Select,PCA,Open source data,Interactive Evolutionary,Evolutionary Visual Exploration,2D,NBou2013
VAST,2012,A case study: Tracking and visualizing the evolution of dark matter halos and groups of satellite halos in cosmology simulations,http://dx.doi.org/10.1109/VAST.2012.6400532,C,Jay Takle;Deborah Silver;Katrin Heitmann,Record Data,Tree map,None,None,Open source data,Structural Evolution,visualization analysis,3D,JayT2012
InfoVis,2012,Design Considerations for Optimizing Storyline Visualizations,http://dx.doi.org/10.1109/TVCG.2012.212,J,Yuzuru Tanahashi;Kwan-Liu Ma,Record Data,Timeline,Encode,GA,Open source data,Structural Evolution,visualization analysis,2D,Yuzu2012
InfoVis,2012,RankExplorer: Visualization of Ranking Changes in Large Time Series Data,http://dx.doi.org/10.1109/TVCG.2012.253,J,Conglei Shi;Weiwei Cui;Shixia Liu;Panpan Xu;Wei Chen;Huamin Qu,Time serials,Timeline,Explore,None,Open source data,Time Evolution,visualization analysis,2D,Cong2012
InfoVis,2012,Visualizing Flow of Uncertainty through Analytical Processes,http://dx.doi.org/10.1109/TVCG.2012.285,J,Yingcai Wu;Guo-Xun Yuan;Kwan-Liu Ma,Record Data,Flow Visualization,Select,None,Open source data,Uncertainty Evolution,uncertainty information analysis,2D,Ying2012
SciVis,2012,Surface-Based Structure Analysis and Visualization for Multifield Time-Varying Datasets,http://dx.doi.org/10.1109/TVCG.2012.269,J,Samer S. Barakat;Markus Rütten;Xavier Tricoche,Record Data,Graph,Explore,Max-product,Open source data,Time Evolution,visualization analysis,Hybrid,Same2012
VAST,2012,Visual analytics methods for categoric spatio-temporal data,http://dx.doi.org/10.1109/VAST.2012.6400553,C,T. von Landesberger;Sebastian Bremm;Natalia Andrienko;Gennady Andrienko;Mária Tekušová,Spatio-Temporal Data,Maps,Explore,None,Open source data,Time Evolution,visualization analysis,2D,Tvon2012
InfoVis,2011,Parallel Edge Splatting for Scalable Dynamic Graph Visualization,http://dx.doi.org/10.1109/TVCG.2011.226,J,Michael Burch;Corinna Vehlow;Fabian Beck;Stephan Diehl;Daniel Weiskopf,Record Data,Timeline,Zoom,None,Open source data,Time Evolution,visualization analysis,2D,Mich2011
InfoVis,2011,TextFlow: Towards Better Understanding of Evolving Topics in Text,http://dx.doi.org/10.1109/TVCG.2011.239,J,Weiwei Cui;Shixia Liu;Li Tan;Conglei Shi;Yangqiu Song;Zekai Gao;Huamin Qu;Xin Tong,Record Data,Timeline,Select,None,Open source data,Topic Evolution,visualization analysis,2D,Weiw2011
VAST,2011,Interactive visual comparison of multiple trees,http://dx.doi.org/10.1109/VAST.2011.6102439,C,Sebastian Bremm;Tatiana von Landesberger;Martin Heß;Tobias Schreck;Philipp Weil;Kay Hamacherk,Record Data,Tree map,Abstract,None,Open source data,Models Evolution,visualization analysis,2D,Seba2011
VAST,2011,ParallelTopics: A probabilistic approach to exploring document collections,http://dx.doi.org/10.1109/VAST.2011.6102461,C,Wenwen Dou;Xiaoyu Wang;Remco Chang;William Ribarsky,Record Data,Graph,Select,TF-IDF,Open source data,Topic Evolution,visualization analysis,2D,Wenw2011
Vis,2011,TransGraph: Hierarchical Exploration of Transition Relationships in Time-Varying Volumetric Data,http://dx.doi.org/10.1109/TVCG.2011.246,J,Yi Gu;Chaoli Wang,Record Data,Tree map,Connect,FR,Open source data,Time Evolution,visualization analysis,Hybrid,YiGu2011
Vis,2011,Two-Dimensional Time-Dependent Vortex Regions Based on the Acceleration Magnitude,http://dx.doi.org/10.1109/TVCG.2011.249,J,Jens Kasten;Jan Reininghaus;Ingrid Hotz;Hans-Christian Hege,Record Data,Graph,Connect,None,Open source data,Time Evolution,visualization analysis,3D,Jens2011
VAST,2010,Understanding text corpora with multiple facets,http://dx.doi.org/10.1109/VAST.2010.5652931,C,Lei Shi;Furu Wei;Shixia Liu;Li Tan;Xiaoxiao Lian;Michelle X. Zhou,Record Data,Timeline,Select,None,Open source data,Data Evolution,visualization analysis,2D,LeiS2010
Vis,2010,Interactive Separating Streak Surfaces,http://dx.doi.org/10.1109/TVCG.2010.169,J,Florian Ferstl;Kai Burger;Holger Theisel;Rudiger Westermann,Square Cylinder Data,Flow Visualization,None,None,Open source data,Time Evolution,visualization analysis,3D,Flor2010
Vis,2010,Result-Driven Exploration of Simulation Parameter Spaces for Visual Effects Design,http://dx.doi.org/10.1109/TVCG.2010.190,J,Stefan Bruckner;Torsten Moller,Time serials,Timeline,Select,DBSCAN,Open source data,Time Evolution,visualization analysis,2D,Stef2010
VAST,2009,Describing story evolution from dynamic information streams,http://dx.doi.org/10.1109/VAST.2009.5333437,C,Stuart Rose;Scott Butner;Wendy Cowley;Michelle Gregory;Julia Walker,Record Data,Timeline,Explore,None,Open source data,Time Evolution,visualization analysis,2D,Stua2009
VAST,2009,Geovisual analytics for self-organizing network data,http://dx.doi.org/10.1109/VAST.2009.5332610,C,Van Quan Ho;Tobias Astrom;Mikael Jern,Geospatial Data,Maps,Explore,None,Open source data,Network Evolution,network visualization analysis,2D,VanQ2009
VAST,2009,ProcessLine: Visualizing time-series data in process industry,http://dx.doi.org/10.1109/VAST.2009.5333421,C,Xiongfei Luo;Hongan Wang;Feng Tian;Wei Liu;Dongxing Teng;Guozhong Dai,Time serials,Timeline,Filter,None,Open source data,Time Evolution,visualization analysis,2D,Xion2009
Vis,2009,Applying Manifold Learning to Plotting Approximate Contour Trees,http://dx.doi.org/10.1109/TVCG.2009.119,J,Shigeo Takahashi;Issei Fujishiro;Masato Okada,Record Data,Tree map,Reconfigure,None,Open source data,Topological Evolution,visualization analysis,Hybrid,Shig2009
Vis,2009,Interactive Coordinated Multiple-View Visualization of Biomechanical Motion Data,http://dx.doi.org/10.1109/TVCG.2009.152,J,Daniel Keefe;Marcus Ewert;William Ribarsky;Remco Chang,Record Data,Graph,Explore,None,Open source data,Time Evolution,visualization analysis,Hybrid,Dani2009
Vis,2009,Time and Streak Surfaces for Flow Visualization in Large Time-Varying Data Sets,http://dx.doi.org/10.1109/TVCG.2009.190,J,Hari Krishnan;Christoph Garth;Kenneth Joy,Record Data,Animations,Explore,None,Open source data,Time Evolution,visualization analysis,3D,Hari2009
Vis,2009,Visual Exploration of Climate Variability Changes Using Wavelet Analysis,http://dx.doi.org/10.1109/TVCG.2009.197,J,Heike Janicke;Michael Bottinger;Uwe Mikolajewicz;Gerik Scheuermann,Time serials,Maps,Select,Region Growing paradigm,Open source data,Time Evolution,Wavelet analysis,Hybrid,Heik2009
VAST,2008,Crystal structures classifier for an evolutionary algorithm structure predictor,http://dx.doi.org/10.1109/VAST.2008.4677351,C,Mario Valle;Artem R. Oganov,Record Data,Scatterplot,None,None,Open source data,Group Evolution,Evolutionary Algorithm analysis,Hybrid,Mari2008
VAST,2008,Model-driven Visual Analytics,http://dx.doi.org/10.1109/VAST.2008.4677352,C,Supriya Garg;Julia Eunju Nam;I.V. Ramakrishnan;Klaus Mueller,Record Data,Point Map,Explore,None,Open source data,Models Evolution,visualization analysis,2D,Supr2008
VAST,2008,Migrant boat mini challenge award: Simple and effective integrated display geo-temporal analysis of migrant boats,http://dx.doi.org/10.1109/VAST.2008.4677387,C,R. Miklin;T. Lipic;Z. Konyha;M. Beric;W. Freiler;K. Matkovic;D. Gracanin,Time serials,Graph,Filter,None,Open source data,Time Evolution,visualization analysis,2D,RMik2008
Vis,2008,Interactive Visualization and Analysis of Transitional Flow,http://dx.doi.org/10.1109/TVCG.2008.146,J,"Gregory P. Johnson,;Victor M. Calo;Kelly P. Gaither",Record Data,Flow Visualization,Explore,None,Open source data,Feature Evolution,flow visualization analysis,3D,Greg2008
VAST,2007,SpiralView: Towards Security Policies Assessment through Visual Correlation of Network Resources with Evolution of Alarms,http://dx.doi.org/10.1109/VAST.2007.4389007,C,Enrico Bertini;Patrick Hertzog;Denis Lalanne,Record Data,Spiral Axis,Zoom,None,Open source data,Time Evolution,visual forecast,2D,Enri2007
VAST,2007,C-GROUP: A Visual Analytic Tool for Pairwise Analysis of Dynamic Group Membership,http://dx.doi.org/10.1109/VAST.2007.4389022,C,Hyunmo Kang;Lise Getoor;Lisa Singh,Record Data,Animations,Connect,None,Open source data,Time Evolution,visualization analysis,2D,Hyun2007
VAST,2007,Visual Analysis of Dynamic Networks with Geological Clustering,http://dx.doi.org/10.1109/VAST.2007.4389027,C,Adel Ahmed;Xiaoyan Fu;Seok-Hee Hong;Quan Hoang Nguyen;Kai Xu,Record Data,Network Visualization,Connect,None,the FIFA World Cup Competition,Time Evolution,visualization analysis,2D,Adel2007
Vis,2007,Visualization of Cosmological Particle-Based Datasets,http://dx.doi.org/10.1109/TVCG.2007.70526,J,Paul Navratil;Jarrett Johnson;Volker Bromm,Record Data,Direct Point Visualization,None,SPH,Open source data,Three Dimensional Evolution,visualization analysis,3D,Paul2007
Vis,2007,Visual Verification and Analysis of Cluster Detection for Molecular Dynamics,http://dx.doi.org/10.1109/TVCG.2007.70614,J,Sebastian Grottel;Guido Reina;Jadran Vrabec;Thomas Ertl,Record Data,Clusters,Filter,Molecule Cluster Detection Algorithm,Open source data,Clustering Evolution,Cluster detection analysis,Hybrid,Seba2007
VAST,2006,Time Tree: Exploring Time Changing Hierarchies,http://dx.doi.org/10.1109/VAST.2006.261450,C,Stuart K. Card;Bongwon Suh;Bryan A. Pendleton;Jeffrey Heer;John W. Bodnar,Time serials,Tree Visualization,Explore,None,Open source data,Time Evolution,visualization analysis,2D,Stua2006
VAST,2006,Visual Exploration of Spatio-temporal Relationships for Scientific Data,http://dx.doi.org/10.1109/VAST.2006.261451,C,Sameep Mehta;Srinivasan Parthasarathy;Raghu Machiraju,Record Data,Spatial Graphs,Select,None,Open source data,Feature Evolution,visualization analysis,2D,Same2006
Vis,2006,Techniques for the Visualization of Topological Defect Behavior in Nematic Liquid Crystals,http://dx.doi.org/10.1109/TVCG.2006.182,J,Vadim Slavin;Robert Pelcovits;George Loriot;Andrew Callan-Jones;David Laidlaw,Record Data,Animations,Elaborate,None,Open source data,Time Evolution,tensor Visualization analysis,3D,Vadi2006
Vis,2006,Understanding the Structure of the Turbulent Mixing Layer in Hydrodynamic Instabilities,http://dx.doi.org/10.1109/TVCG.2006.186,J,D. Laney;P.-t. Bremer;A. Mascarenhas;P. Miller;V. Pascucci,Record Data,None,Elaborate,Majority Vote Algorithm,Open source data,Time Evolution,visualization analysis,Hybrid,DLan2006
InfoVis,2005,The visual code navigator: an interactive toolset for source code investigation,http://dx.doi.org/10.1109/INFVIS.2005.1532125,C,G. Lommerse;F. Nossin;L. Voinea;A. Telea,Record Data,Treemaps,Select,None,Open source data,Evolution View,visualization analysis,Hybrid,GLom2005
Vis,2005,Evolutionary morphing,http://dx.doi.org/10.1109/VISUAL.2005.1532826,C,D.F. Wiley;N. Amenta;D.A. Alcantara;D. Ghosh;Y.J. Kil;E. Delson;W. Harcourt-Smith;F.J. Rohlf;K. St John;B. Hamann,Record Data,Tree Visualization,Select,Horn's algorithm,Open source data,Time Evolution,visualization analysis,3D,DFWi2005
Vis,2004,Visualizing the Evolution of Horned Lizards Using 3D Morphing Techniques,http://dx.doi.org/10.1109/VISUAL.2004.124,C,R. Reyes;W. Hodges;K. Gaither,Record Data,3D Morphing,None,None,Open source data,Time Evolution,visualization analysis,3D,RRey2004
InfoVis,2004,Time-Varying Data Visualization Using Information Flocking Boids,http://dx.doi.org/10.1109/INFVIS.2004.65,C,A.V. Moere,Time serials,3D Visualization,Connect,Boids,visualization applet,Data Evolution,visualization analysis,3D,AVMo2004
Vis,2004,Tracking of vector field singularities in unstructured 3D time-dependent datasets,http://dx.doi.org/10.1109/VISUAL.2004.107,C,C. Garth;X. Tricoche;G. Scheuermann,Time serials,Flow Visualization,Explore,None,Open source data,Structural Evolution,visualization analysis,Hybrid,CGar2004
Vis,2004,Visualization of intricate flow structures for vortex breakdown analysis,http://dx.doi.org/10.1109/VISUAL.2004.113,C,X. Tricoche;C. Garth;G. Kindlmann;E. Deines;G. Scheuermann;M. Ruetten;C. Hansen,Record Data,Flow Visualization,None,None,Open source data,Structural Evolution,visualization analysis,Hybrid,XTri2004
InfoVis,2003,Visualizing evolving networks: minimum spanning trees versus pathfinder networks,http://dx.doi.org/10.1109/INFVIS.2003.1249010,C,Chaomei Chen;S. Morris,Record Data,Network Visualization,Connect,Pathfinder networks,Open source data,Network Evolution,network visualization analysis,3D,Chao2003
Vis,2003,A texture-based framework for spacetime-coherent visualization of time-dependent vector fields,http://dx.doi.org/10.1109/VISUAL.2003.1250361,C,D. Weiskopf;G. Erlebacher;T. Ertl,Record Data,Flow Visualization,Explore,None,Open source data,Time Evolution,steamline visualization analysis,2D,DWei2003
InfoVis,2002,"SpaceTree: supporting exploration in large node link tree, design evolution and empirical evaluation",http://dx.doi.org/10.1109/INFVIS.2002.1173148,C,C. Plaisant;J. Grosjean;B.B. Bederson,Record Data,The node-link graph,Zoom,None,Business company data,Time Evolution,visualization analysis,2D,CPla2002
InfoVis,2002,Case study: visualizing sets of evolutionary trees,http://dx.doi.org/10.1109/INFVIS.2002.1173150,C,N. Amenta;J. Klingner,Record Data,Tree map,Select,MDS,Open source data,Evolutionary Trees,visualization analysis,2D,NAme2002
InfoVis,2002,Visual unrolling of network evolution and the analysis of dynamic discourse,http://dx.doi.org/10.1109/INFVIS.2002.1173160,C,U. Brandes;S.R. Corman,Record Data,Animations,Connect,None,Open source data,Network Evolution,visualization analysis,3D,UBra2002
Vis,2002,Simulating fire with texture splats,http://dx.doi.org/10.1109/VISUAL.2002.1183779,C,Xiaoming Wei;Wei Li;K. Mueller;A. Kaufman,None,Lattice Boltzmann Model,Explore,None,Open source data,Time Evolution,visualization analysis,2D,Xiao2002
Vis,2002,Case study: Visualizing ocean flow vertical motions using Lagrangian-Eulerian time surfaces,http://dx.doi.org/10.1109/VISUAL.2002.1183822,C,J. Grant;G. Erlebacher;J. O'Brien,Record Data,Animations,Elaborate,None,Open source data,Time Evolution,visualization analysis,3D,JGra2002
Vis,2002,Rendering the first star in the Universe - A case study,http://dx.doi.org/10.1109/VISUAL.2002.1183824,C,R. Kahler;D. Cox;R. Patterson;S. Levy;H.-C. Hege;T. Abel,Record Data,Animations,Elaborate,None,Open source data,Time Evolution,visualization analysis,3D,RKah2002
Vis,2000,A continuous clustering method for vector fields,http://doi.ieeecomputersociety.org/10.1109/VISUAL.2000.885715,C,H. Garcke;T. Preusser;M. Rumpf;A. Telea;U. Weikard;J. Van Wijk,Vector Data,Multiscale Visualization,Explore,None,Open source data,Clustering Evolution,visualization analysis,Hybrid,HGar2000
Vis,2000,Anisotropic geometric diffusion in surface processing,http://dx.doi.org/10.1109/VISUAL.2000.885721,C,U. Clarenz;U. Diewald;M. Rumpf,None,None,None,None,Open source data,geometric evolution,smooth discretized surfaces,3D,UCla2000
Vis,2000,Interactive visualization of particle-in-cell simulations,http://dx.doi.org/10.1109/VISUAL.2000.885734,C,P. Ljung;M. Dieckmann;N. Andersson;A. Ynnerman,None,Animations,Abstract,None,Open source data,Space Evolution,visualization analysis,3D,PLju2000
Vis,1999,Visualizing the evolution of a subject domain: a case study,http://dx.doi.org/10.1109/VISUAL.1999.809927,C,C. Chen;L. Carr,Network,Pathfinder network scaling techniques,Connect,MDS,Open source data,Field Evolution,hypertext field,Hybrid,CChe1999
Vis,1998,TOPIC ISLANDS TM - a wavelet-based text visualization system,http://dx.doi.org/10.1109/VISUAL.1998.745302,C,N.E. Miller;P.C. Wong;M. Brewster;H. Foote,None,SOM,Connect,SOM,Open source data,Models Evolution,visualization analysis,Hybrid,NEMi1998
Vis,1997,Case study: wildfire visualization,http://dx.doi.org/10.1109/VISUAL.1997.663919,C,J. Ahrens;P. McCormick;J. Bossert;J. Reisner;J. Winterkamp,Record Data,None,Abstract,None,Open source data,Models Evolution,visual forecast,3D,JAhr1997
Vis,1996,Generation of Transfer Functions with Stochastic Search Technique,http://dx.doi.org/10.1109/VISUAL.1996.568113,C,Taosong He;Lichan Hong;A. Kaufman;H. Pfister,Record Data,Direct volume rendering,Select,Stochastic Search Techniques,Business company data,Dynamic Tree Evolution,visualization analysis,2D,Taos1996
Vis,1995,Compression domain rendering of time-resolved volume data,http://dx.doi.org/10.1109/VISUAL.1995.480809,C,R. Westermann,Record Data,Tree map,Explore,steepest descent algorithm,time varying stochastic fractal,Time Evolution,Time-Feature Extraction,3D,RWes1995
Vis,1994,"The topology of symmetric, second-order tensor fields",http://dx.doi.org/10.1109/VISUAL.1994.346326,C,T. Delmarcelle;L. Hesselink,None,None,Encode,None,Open source data,Time Evolution,visualization analysis,3D,TDel1994
Vis,1994,3D visualization of unsteady 2D airplane wake vortices,http://dx.doi.org/10.1109/VISUAL.1994.346328,C,Kwan-Liu Ma;Z.C. Zheng,Record Data,3D Visualization,Explore,Vortex Core Tracing Algorithm,Open source data,Time Evolution,visualization analysis,3D,Kwan1994
Vis,1991,Visualizing chemical kinetics in fractal domains,http://dx.doi.org/10.1109/VISUAL.1991.175831,C,N.E. Hurlburt;L.W. Anacker;R. Kopelman,Time serials,None,Explore,None,Computer Simulation,Time Evolution,solve discontinuous nature of the data,2D,NEHu1991
